작성자,날짜,제목,URL
짜루,2주 전,난리 난 카카오톡 자동 업데이트 끄기 방법 '이러다 카톡 망해!',https://blog.naver.com/skdaksdptn/224020267102
변검,1주 전,아이폰 카카오톡 업데이트 되돌리기 방법 (조건부 성공후기),https://blog.naver.com/ddihw/224023568939
티보,1일 전,카카오톡 업데이트한 친구 카톡 끄기 대신 다른 조치,https://blog.naver.com/oksk2002kr/224026774867
경제와 IT 정보를 한번에 머니잇,2주 전,카카오톡 업데이트 끄기 아이폰 갤럭시 pc카톡 끄는 방법,https://blog.naver.com/kensan21/224021940472
IT's ivory,2주 전,"카카오톡 카톡 자동 업데이트 끄기 방법 (아이폰, 갤럭시)",https://blog.naver.com/yjg01212/224021543945
메이,2일 전,카카오톡 숏폼 끄기 없애기 프로필 업데이트 나만보기 설정법,https://blog.naver.com/aimei96/224030074398
꿈의왈츠,2주 전,카카오톡 업데이트 자동 끄기 카톡 설정 아이폰 갤럭시 포함,https://blog.naver.com/hyjueng/224019751003
둥2딸Ki,1주 전,카카오톡 업데이트 파장 숏폼 끄기 카톡 폴더 설정 방법,https://blog.naver.com/ddism2686/224023471470
영선비,2주 전,카카오톡 업데이트 절대하지마? 혁신 VS 퇴보,https://blog.naver.com/obama8775/224018987458
이타인,2주 전,카카오톡 자동 업데이트 끄기 : 갤럭시 아이폰 카톡,https://blog.naver.com/holpi37/224019928651
디지털노마드망고가치,3일 전,카카오톡 업데이트된 내용 정리 끄기 방법,https://blog.naver.com/dmswl9028/224028475942
미유시티,2주 전,카카오톡 자동 업데이트 끄기 방법... 후회 말고 카톡 지키자,https://blog.naver.com/great97k/224020053698
코예커플,2주 전,너무 불편해진 카톡 카카오톡 자동 업데이트 끄기,https://blog.naver.com/aiwositai/224020093996
IT's 코왕,4일 전,누구 머리에서 나옴?? 카카오톡 업데이트한 친구에게 알려주세요,https://blog.naver.com/jwlovesr/224026891459
청비 대제,1주 전,"카카오톡 숏폼 끄기 방법, 프로필 비공개 전환 업데이트",https://blog.naver.com/dbsgns2011/224023576562
하얀북극곰,11시간 전,카카오톡 업데이트하셨어요? 그러면 카톡 프로필 사진 프사 비공개 숏폼 끄기 설정!,https://blog.naver.com/whitepolarbear/224031472363
제로,1주 전,카카오톡 업데이트 취소 방법 카톡 다운그레이드 구버전 설치 대화 내용 복구는?,https://blog.naver.com/zmsgfc/224023458451
엑티,13시간 전,카카오톡 업데이트한 친구 대응 및 주의사항,https://blog.naver.com/mbcoms/224031407480
열쓰,2주 전,"카카오톡 업데이트 주요 기능 이슈 총정리, 변화인가 퇴보인가?",https://blog.naver.com/redwave102/224022428835
이든,6일 전,카카오톡 업데이트 이미 했을 때 프로필 공개 숏폼 끄기 등 설정 방법,https://blog.naver.com/ideungam/224024963243
싱글싱글life,1주 전,아이폰 카카오톡 자동 업데이트 방지 및 카톡 다운그레이드 복구 가능성,https://blog.naver.com/gkrwja88/224023719472
초이네 데일리 라이프,1주 전,카카오톡 업데이트한 친구 대처 방법,https://blog.naver.com/kakkong2/224023721934
쿤키,1주 전,카카오톡 자동 업데이트 끄기 아이폰 및 갤럭시,https://blog.naver.com/viva5186/224023314714
알송달송IT세상,2주 전,카카오톡 자동 업데이트 끄기 안되게 방법,https://rdsong.com/entry/%EC%B9%B4%EC%B9%B4%EC%98%A4%ED%86%A1-%EC%9E%90%EB%8F%99-%EC%97%85%EB%8D%B0%EC%9D%B4%ED%8A%B8-%EB%81%84%EA%B8%B0-%EC%95%88%EB%90%98%EA%B2%8C-%EB%B0%A9%EB%B2%95
하루집사의 IT한마당,6일 전,갤럭시 카카오톡 업데이트 되돌리기 구버전 설치 방법 카톡 업데이트한 친구 모여라!,https://blog.naver.com/dltmdgns2525/224024023498
제이디,5일 전,카카오톡 업데이트 취소 끄기 못했다면 카톡 최적화 방법은?,https://blog.naver.com/anisaver/224026077578
아전,2주 전,카카오톡 자동 업데이트 끄기 아이폰 갤럭시 카톡 안뜨게,https://blog.naver.com/itexpert/224021680366
✅모든 이슈✅,5일 전,카카오톡 업데이트 끄기 카톡 숏폼 취소 및 복구 방법,https://blog.naver.com/lucyworks/224025448032
함영민,2주 전,"카카오톡 업데이트 대란, 무엇이문제였나? 카톡 자동 업데이트 끄기 막는법",https://blog.naver.com/dicagallery/224019348791
투어IT스트 Genie,5일 전,"카카오톡 업데이트 끄기, 아이폰, 갤럭시 별 정리",https://blog.naver.com/zizonhjh/224025151372
자유분방,2주 전,"카카오톡 업데이트 끄기, 구글 플레이, 앱스토어 자동업데이트 끄기 방법",https://blog.naver.com/bk32167/224022400076
디지털 엄마 | 슘채움,6일 전,카카오톡 자동 업데이트 끄는 법 정리 아이폰 갤럭시 유저라면 일단 알아두세요,https://blog.naver.com/sicht/224024752878
김개재,2주 전,"카톡 업데이트 인스타처럼 바뀌었다..""카카오톡 개편 이게 맞아..?""",https://blog.naver.com/growo/224019135287
새벽리더,2주 전,카카오톡 업데이트 자동 끄기 설정 빠르게 하기,https://blog.naver.com/flythfk2/224022544166
다준아빠의 IT INFO,2주 전,카카오톡 자동 업데이트 끄기 아이폰 기준,https://blog.naver.com/dasoljun/224020090560
여유호수,2주 전,"카카오톡 자동 업데이트 취소 방법, 카톡 업그레이드 막기 끄기",https://blog.naver.com/chaosily/224022611259
육월,1주 전,카카오톡 업데이트 문제가 되는 이유 정리,https://blog.naver.com/realdc33/224023293219
Ativ IT Ocean,2주 전,"인스타 따라하기? 카카오톡 업데이트 내용 총정리(AI, 친구탭 인스타형 피드, 챗GPT)",https://blog.naver.com/ativ1997/224018733496
그냥타니,2주 전,카카오톡 자동업데이트 끄기 불편한 인스타식 광고·숏폼 싫다면 지금 해두세요,https://blog.naver.com/kook0923/224019973574
경제비둘기,3일 전,카톡 업데이트 자동 끄기 대혼란 카카오톡 결국엔 복구 결정,https://blog.naver.com/troilos/224028368809
dobiho on HCI,2주 전,카카오톡 친구탭에 내 프로필 변경·게시물·상태 메시지 보이지 않게 하기(2025.9.25 ),https://dobiho.com/84552/
부지런한 글쓰기,2주 전,카카오톡 업데이트 끄기 카톡 업뎃 후기,https://blog.naver.com/carpediem1980/224022376476
필이,2주 전,카카오톡 자동 업데이트 끄기(아이폰/갤럭시),https://blog.naver.com/heading100/224019650131
톡깽이,2주 전,"카카오톡 자동 업데이트 끄는 방법, 업데이트 이유",https://blog.naver.com/der68/224018931689
디지털 낭만,6일 전,"카카오톡 업데이트 불편 해결, 카톡 업데이트한친구 어떻게 대처하나?",https://blog.naver.com/mnheo/224024753974
정오의게임,41분 전,"카카오톡 업데이트 끄기, 복구, 되돌리기, 취소 방법",https://blog.naver.com/fje0978bb/224031824273
Speros,4일 전,카카오톡 업데이트한 친구 필독! 6일만에 원상복구 결정,https://blog.naver.com/junhyuk7272/224026892601
건빵이,1주 전,카카오톡 업데이트 취소 복구 끄기 아이폰 갤럭시 팁,https://blog.naver.com/totogi777/224023292970
필립의 IT 이야기,2주 전,"카카오톡 업데이트 변동 사항 친구 숨기기 ,카톡 숏폼 끄기",https://blog.naver.com/itntr/224022814135
보남이의 앱세이,1주 전,카카오톡 업데이트는 왜? 친구 탭에 프로필 사진 피드노출 안되는 설정(&카톡 친한 친구 지정),https://blog.naver.com/bonamy/224023784592
여동동,2주 전,카카오톡 프로필 변경 업데이트 다른 사람 안 보이게,https://blog.naver.com/hypoid613/224021060219
전자과 대학원생,2주 전,"카카오톡 업데이트 막는 방법, 안드로이드에서는 어떻게?, 아이폰 앱 업데이트 막기, kakaotalk 이전버전 apk 다운",https://blog.naver.com/lifelectronics/224022834328
리퍼연구소,4일 전,카카오톡 다운그레이드 방법 | 업데이트 취소하고 이전 버전 설치하기,https://blog.naver.com/refurlab/224027016616
놀던청년,3일 전,카카오톡 업데이트 프사 비공개 필수 설정법,https://blog.naver.com/moyeu119/224028577367
IT칼럼 by리뷰스텔라,1주 전,카카오톡 업데이트 내용 및 오픈채팅 숏폼 안 보이게 하는 법,https://blog.naver.com/stella_review/224022811753
데이스토리,2주 전,"갤럭시 카카오톡 자동 업데이트 끄기, 사용자들의 반응은 황당 분노 과연 앞으로의 대응은?",https://blog.naver.com/zestgo/224019427509
김미경 SNS 스마트폰교육010-9909-1533,1주 전,"인천소셜서포터즈 401회 - 카카오톡 업데이트 기능 스터디하기, 스마트폰강사",https://blog.naver.com/kyoung37/224024033457
일상 정보 공유,5일 전,카카오톡 자동 업데이트 끄는 확실한 방법,https://blog.naver.com/in3alove/224020756908
돈이되는 모든정보,6일 전,갑작스러운 카카오톡 업데이트 끄기 카톡 안드로이드 아이폰 설정 경험담,https://blog.naver.com/xcanvas/224024585033
❤️ 하우스북 ❤️,5일 전,카카오톡 복구 프로필 업데이트 비공개 숏폼 없애기,https://blog.naver.com/husbook/224026100519
덕스의 IT덕질,2주 전,"카카오톡 자동 업데이트 끄기, 카톡 홈 화면 왜 이래?",https://blog.naver.com/gotpdud09/224020636072
Cwon,2주 전,카카오톡 자동 업데이트 끄기 방법 아이폰 갤럭시 카톡 설정,https://blog.naver.com/lucky_box7/224020291733
컴짱,1주 전,갤럭시 스마트폰 카카오톡 자동 업데이트 차단 방법,https://blog.naver.com/kwy3000/224023345624
잡동사니 저장소,2주 전,갤럭시 및 아이폰 카톡 카카오톡 자동 업데이트 해제 끄기 방법,https://blog.naver.com/korovo/224019299886
네세스,2주 전,카카오톡 자동 업데이트 끄기 아이폰 갤럭시 안드로이드 방법,https://blog.naver.com/neces2/224020895417
디자인 스토리,2주 전,카카오톡 자동 업데이트 끄는 방법 및 프로필 설정 방법,https://blog.naver.com/whwjdghksla/224022966022
에릭스토리,2주 전,"인스타그램처럼 변한 카카오톡, 자동 업데이트 막는 법",https://blog.naver.com/nce0623/224020119680
신남,1일 전,카톡 프로필 사진 비공개 설정법 카카오톡 업데이트 후,https://blog.naver.com/sinnam88/224030892652
흔한김군의 특별한 IT,3일 전,카카오톡 업데이트한 친구 막기 프로필 대처 방법 정리,https://blog.naver.com/zepirostop/224028830834
프랭키,5일 전,카카오톡 자동 업데이트 끄기 아이폰 갤럭시 카톡 안뜨게 취소 방법,https://blog.naver.com/franksong0030/224025821944
IT 카페,2주 전,카카오톡 업데이트 끄기 안드로이드 아이폰 한 번에 끝,https://blog.naver.com/hanjh5064/224021071717
이토리랩스,1시간 전,카카오톡 즐겨찾기 채팅방 상단 고정 업데이트 카톡 달라진 방법!,https://blog.naver.com/junghoon7771/224031926234
류리의 IT 테크룸,1주 전,실수로 카카오톡 업데이트 했다면... 반드시 해야하는 3가지 설정,https://blog.naver.com/ryurime88/224024042707
삼돌이군,1주 전,카톡 카카오톡 업데이트한 친구 어떻게 해야 하나? 막기 프로필 편집 설정은?,https://blog.naver.com/h1hc/224023761383
Hello 경제적자유,2주 전,카카오톡 업데이트 참사 토스출신 홍민택 CPO와 내부 의견 정리,https://blog.naver.com/tmglove/224022484252
디노의 이것저것,2주 전,카톡 업데이트 안뜨게 하기 끄기 카카오톡 업데이트한 친구,https://blog.naver.com/park12a0/224023093108
스카이선불폰.com,5일 전,카카오톡 업데이트 친구탭 원상 복구 발표,https://blog.naver.com/skylake99/224026113014
불나방,5일 전,카카오톡 업데이트 전남친 전여친 프사에 잘못하다가 하트 알림이?,https://blog.naver.com/bmlife_12/224026360647
봉봉파워,2주 전,선 넘었네? 카카오톡 자동 업데이트 안뜨게 끄기 신기능 정리,https://blog.naver.com/voramines/224020161063
잇츠잍,2주 전,"카카오톡 업데이트, 이게 진짜 최악입니다",https://blog.naver.com/skylwt1/224022848343
그남자 원동욱,2주 전,아이폰 갤럭시 카카오톡 카톡 자동 업데이트 끄기 안뜨게,https://blog.naver.com/sg90929/224021819518
청주공유오피스 아반 공식 블로그,2주 전,카카오톡 카톡 업데이트 충격 근황,https://blog.naver.com/starhp1/224022727046
통신/앱소개/IT/맛집,6일 전,카카오톡 업데이트 피하는 방법: 카톡 최신버전 강제 업그레이드 전 안전하게 대응하는 법,https://blog.naver.com/asaturn/224024441548
IT Operator 길,2주 전,카카오톡 업데이트 안뜨게 하는 방법,https://blog.naver.com/gineergil/224020598483
김땍이,3일 전,카카오톡 업데이트 끄기 늦었다면 복구 시도하기,https://blog.naver.com/seagreen0314/224027766617
HIIT,1일 전,카카오톡 앱 아이폰 갤럭시 자동 업데이트 끄기,https://blog.naver.com/hi_it/224030918873
아라,1주 전,카카오톡 업데이트한 친구!? 진짜 이렇게 해야만 했냐?,https://blog.naver.com/s87boyo/224023359318
쇼핑하다,2일 전,카카오톡 자동 업데이트 비활성화 멈추는 꿀팁 대공개!,https://blog.naver.com/sshzz0518/224029438450
뷰브의 IT 생활,1일 전,카카오톡 업데이트 멀티프로필 기본 설정 해제 방법,https://blog.naver.com/sunmmii09/224030512999
ITwatchers,5일 전,"카카오톡 자동 업데이트, 갤럭시 안드로이드 끄기 꿀",https://blog.naver.com/itwatchers/224024381361
길길IT,2주 전,카카오톡 자동 업데이트 끄기: 낯선 '인스타 피드' 막는 법,https://blog.naver.com/gilgilit/224019729654
국국이,2주 전,카톡 프로필 업데이트 안뜨게 몰래 바꾸기 카카오톡 사진 게시물 표시 안보이게 숨기기,https://blog.naver.com/dsw99248/224022638416
부냥집사의 더 즐거운 IT,4일 전,"카톡 프로필 비공개 설정, 카카오톡 업데이트 이후 공유 막고 나만 보기 설정하기",https://blog.naver.com/whdrn123/224027642308
키파이트의 풋하하 IT 리뷰,2주 전,"카카오톡 업데이트 방법, 꼭 알아야 하는 이유",https://blog.naver.com/raon375/224020535436
IT이야기,2주 전,카카오톡 새버전 안뜨게 갤럭시 카톡 자동 업데이트 끄기,https://blog.naver.com/cgdks/224022077764
브릴릿의 은밀한 IT 공간,2주 전,카톡 자동 업데이트 해제 끄는 법 카카오톡 구버전으로 되돌리기,https://blog.naver.com/brilleverything/224021854475
IT Tech 달빛가람,6일 전,갤럭시 최신 카카오톡 업데이트 패치 구버전 APK로 되돌리기 방법,https://blog.naver.com/moonlightriver_/224024676415
개발자가 쉽게 알려주는 IT정보,2주 전,"카카오톡 업데이트 끄기 방법, 이미 했을 경우 되돌리기 가능할까? (아이폰/갤럭시/PC)",https://blog.naver.com/cjs0308cjs/224022715578
트리민 아띠,2주 전,카카오톡 PC 버전 업데이트 드디어 채팅대화방 폴더별 정리 가능!,https://blog.naver.com/minhanii/224021455824
IT리뷰돌이의 IT라이프블로그,2주 전,갤럭시 아이폰 카톡 카카오톡 자동 업데이트 끄기 해제 방법,https://blog.naver.com/kimcy9032/224021049310
IT Box,2주 전,갤럭시 스마트폰 - 카카오톡 업데이트 끄기 (업데이트 차단),https://blog.naver.com/watneym/224021932121
꽃잔,6일 전,이미 카카오톡 업데이트 후라면 꼭 해야할 설정 해결책,https://blog.naver.com/ishine75/224024448303
빼앰 IT 꿀팁 사전,2주 전,카카오톡 프로필 업데이트 나만보이기 설정방법,https://blog.naver.com/itbbam/224019415497
노랗노랗,5일 전,"카카오톡 업데이트 끄기와 롤백 불가능한 이유, 제대로 알아두세요",https://blog.naver.com/designer_ew/224025933539
지야 IT,2주 전,카카오톡 업데이트 끄기 방법 아이폰 안드로이드 고려사항,https://blog.naver.com/jiya211/224021580870
양버들,5일 전,카카오톡 업데이트 역풍 결국.. 다시 돌아간다!,https://blog.naver.com/yangcomic/224026089675
비코노미,5일 전,"카카오톡 업데이트 결국 원상복구, 6일 천하로 끝난 이유 총정리",https://blog.naver.com/pkn3422/224026289574
